artist,genre
George Michael,Pop
Sananda Maitreya,Pop
"""1-2-3""",/
Rick Astley,Pop
Belinda Carlisle,New wave
Steve Winwood,Rock
INXS,Rock
Whitney Houston,R&B
Cheap Trick,Rock
George Harrison,Rock
Billy Ocean,Rhythm and blues
Whitesnake,Hard rock
Guns N' Roses,Hard rock
The Escape Club,pop rock
Def Leppard,Hard rock
Taylor Dayne,Pop
Debbie Gibson,Pop
Robert Palmer,Rock
Richard Marx,Pop rock
Michael Jackson,Pop
Eric Carmen,Pop rock
Johnny Hates Jazz,new wave
Samantha Fox,Dance-pop
Phil Collins,Pop
The Bangles,/
Aerosmith,Hard rock
Bobby McFerrin,Jazz
UB40,Reggae
Patrick Swayze,/
Bon Jovi,Hard rock
Elton John,Rock
The Beach Boys,Rock
Chicago,/
Kylie Minogue,Pop
The Pet Shop Boys,Synthpop
,/
Jody Watley,Pop
U2,Rock
Roger,/
Gloria Estefan,Latin pop
Huey Lewis and the News,Rock
New Edition,R&B
Peter Cetera,Rock
Hall & Oates,Pop rock
Foreigner,/
Keith Sweat,Hip hop
Natalie Cole,Soul
Tracy Chapman,Folk
Bruce Hornsby,Improvisational multi-genre
Bobby Brown,R&B
Brenda Russell,Pop
Van Halen,Hard rock
Paul Carrack,Blue-eyed soul
The Sting,/
Joan Jett & the Blackhearts,Rock
Al B. Sure!,Urban
John Mellencamp,Rock
Brenda K. Starr,R&B
Cher,Pop
David Lee Roth,Hard rock
,/
,/
Pink Floyd,Progressive rock
Olivia Newton-John,Pop
Captain & Tennille,Pop
Lipps Inc.,Disco
Paul McCartney,Rock
Billy Joel,Rock
Bette Midler,Traditional pop
Rupert Holmes,Soft rock
Gary Numan,Synth-pop
Smokey Robinson,R&B
Air Supply,Soft rock
,/
KC and the Sunshine Band,Disco
Diana Ross,R&B
,/
,/
The Manhattans,Rhythm and blues
Commodores,R&B
Dr. Hook & the Medicine Show,Rock
Robbie Dupree,Pop rock
,/
Kenny Loggins,Rock
Jermaine Jackson,Pop
Kim Carnes,Pop rock
Christopher Cross,Pop rock
Dan Fogelberg,Rock
Kenny Rogers,Country
Kool & the Gang,Rhythm and blues
The S.O.S. Band,Disco
Memories,/
M,/
Pretenders,Rock
"Ray, Goodman & Brown",R&B
Shalamar,Disco
Stevie Wonder,Singer
Cliff Richard,Skiffle
Eagles,Rock
The Brothers Johnson,R&B
Rocky Burnette,Rock and roll
Bob Seger,Rock
Donna Summer,R&B
Herb Alpert,Jazz
The Rolling Stones,Rock
Little River Band,Rock
J.D. Souther,Eagles
Andy Gibb,RSO
Pete Townshend,Rock
Steve Forbert,Folk
Anne Murray,Country
Isaac Hayes,Blues
Tom Petty and the Heartbreakers,Rock
Irene Cara,Singer
Linda Ronstadt,Rock
Benny Mardones,Blue-eyed soul
Pure Prairie League,Country rock
Nitty Gritty Dirt Band,Folk
Carole King,Pop
Neil Sedaka,Pop
Charlie Dore,Island
Peaches & Herb,Disco
Mickey Gilley,Dot
Pat Benatar,Rock
Dionne Warwick,Gospel
Eddie Rabbitt,Elektra
Supertramp,Progressive rock
Fleetwood Mac,Pop rock
Boz Scaggs,Blue-eyed soul
Neil Diamond,Pop
George Benson,Jazz
,/
Charlie Daniels,Bluegrass
Barry Manilow,Pop
Joe Walsh,Hard rock
The Knack,Power pop
,/
Rod Stewart,Rock
Gloria Gaynor,Disco
Village People,Disco
Anita Ward,Disco
Robert John,/
Bee Gees,Pop
David Naughton,/
The Pointer Sisters,R&B
The Doobie Brothers,Rock
Maurice White,Soul
Amii Stewart,Disco
Suzi Quatro,Rock
Maxine Nightingale,R&B
The Jackson Five,Pop
Melissa Manchester,/
Randy VanWarmer,Soft rock
Raydio,R&B
Barbra Streisand,Broadway
Leif Garrett,Bubblegum pop
"Earth, Wind & Fire",R&B
"""Heaven Knows""",/
Nicolette Larson,Soft rock
Bonnie Pointer,Soul
Sister Sledge,R&B
Frank Mills,/
,/
Bad Company,Rock
Details,/
Gregory Abbott,Soul
,/
Robbie Nevil,Pop
Los Lobos,Chicano rock
Wang Chung,Pop rock
Crowded House,Rock
Atlantic Starr,R&B
Lisa Lisa and Cult Jam,Pop
Billy Idol,Punk rock
Billy Vera,R&B
Chris de Burgh,Art rock
Duran Duran,New wave
Bill Medley,Blue-eyed soul
"""The Next Time I Fall""",/
Club Nouveau,R&B
Cutting Crew,Pop rock
Kim Wilde,Pop
The Georgia Satellites,Southern rock
Aretha,/
"""Somewhere Out There""",/
Janet Jackson,R&B
Siedah Garrett,R&B
Suzanne Vega,Alternative pop
Bananarama,Dance-pop
Kenny G,Adult contemporary
,/
Area,/
Dan Hill,Pop
Cyndi Lauper,New Wave
Swing Out Sister,Pop
Ben E. King,Soul
Glass Tiger,Rock
Gerald Levert,Soul
The Whispers,Boogie
Peter Gabriel,Progressive rock
Lou Gramm,Rock
Bryan Adams,Polydor
Glenn Medeiros,Pop rock
Bruce Springsteen,Rock
Bruce Willis,/
The Breakfast Club,/
Lionel Richie,Soul
Pseudo Echo,New wave
Beastie Boys,Hip hop
Ready for the World,R&B
Chaka Khan,R&B
Tears for Fears,New wave
Dire Straits,Roots rock
A-ha,New wave
Paul Young,Pop rock
REO Speedwagon,Arena rock
The Revolution,Funk
Tina Turner,R&B
"""Girlfriend""",/
Ray Parker Jr.,Arista
Culture Club,Pop
John Waite,Pop rock
Deniece Williams,Soul
The Romantics,Power pop
Laura Branigan,Pop
Simple Minds,Post-punk
John Parr,Rock
Glenn Frey,Rock
United States Africa Command,/
Jan Hammer,Jazz fusion
Teena Marie,R&B
DeBarge,R&B
The Honeydrippers,Rock and roll
Howard Jones,Synthpop
Aretha Franklin,R&B
Corey Hart,Rock
Sheena Easton,Pop
Marilyn Martin,Pop rock
Don Henley,Rock
Murray Head,Rock
Animotion,New wave
Men at Work,New wave
Bonnie Tyler,Rock
"""Baby, Come to Me""",/
Michael Sembello,Hi-NRG
Eurythmics,Synthpop
"""You and I""",/
Sérgio Mendes,Bossa nova
David Bowie,Art rock
Thompson Twins,Pop
Matthew Wilder,New wave
Nena,Neue Deutsche Welle
Dan Hartman,/
Sheila E.,Singer-songwriter
Steve Perry,Rock
Night Ranger,Hard rock
The Cars,Rock
Peabo Bryson,R&B
"""To All the Girls I've Loved Before""",/
Once Upon a Christmas,/
Harold Faltermeyer,Film score
Mary Jane Girls,R&B
'Til Tuesday,New wave
Katrina and the Waves,Rock
Julian Lennon,Vocals
,/
Ashford & Simpson,R&B
Debby Boone,Pop
,/
A Taste of Honey,/
Frankie Valli,Philips
This Christmas,/
Samantha Sang,Pop
Eric Clapton,Rock
Yvonne Elliman,Broadway
Chuck Mangione,Jazz
Nick Gilder,Rock
Golden Earring,Hard rock
Frida,/
The Greg Kihn Band,Rock
Eddy Grant,Reggae
Thomas Dolby,New wave
 discography,/
After the Fire (ATF),Rock
Type,/
Marvin Gaye,R&B
The Human League,Synth-pop
Men Without Hats,Virgin
Toni Basil,Pop
"""We've Got Tonite""",/
Stray Cats,Rockabilly
Stevie Nicks,Atlantic
Naked Eyes,New wave
Kajagoogoo,New wave
Adam Ant,New wave
The Clash,Punk rock
Rick Springfield,Vocals
The Tubes,A&M
Gladys Knight,R&B
Klymaxx,Pop
"""On My Own""",/
Mr. Mister,New wave
Eddie Murphy,/
Gloria Loring,/
Simply Red,Pop
Monster Ballads,/
ZZ Top,Blues rock
Quiet Riot,Heavy metal
Ollie & Jerry,Dance-pop
John Lennon,Julian
Ratt,Glam metal
The Go-Go's,Pop rock
Christine McVie,Keyboards
John Cafferty and the Beaver Brown Band,Rock
Peter Schilling,NDW
"""Ebony and Ivory""",/
The J. Geils Band,Rock
Steve Miller Band,Country rock
Soft Cell,Synth-pop
Vangelis,Electronic
Quarterflash,Pop rock
Tommy Tutone,Rock
Bertie Higgins,Epic
Juice Newton,Country
Willie Nelson,Liberty
Dazz Band,Funk
The Sweet,Glam rock
Endless Love,/
Dolly Parton,Country
Joey Scarbury,Pop rock
Grover Washington Jr.,Jazz
Climax Blues Band,Blues rock
ABBA,Pop
Stars on 45,Pop
The Kinks,Rock
Loverboy,Rock
Sammy Hagar,Capitol
"Champaign, Illinois",/
Jackson Browne,Rock
Moving Pictures,/
Musical Youth,New Wave
Spandau Ballet,New wave
Frank Stallone,/
Born to Love,/
Nu Shooz,Freestyle
Berlin,/
Level 42,Jazz-funk
Miami Sound Machine,Latin
,/
Stacey Q,Dance-pop
 discography,/
"Boston, Massachusetts",/
Eddie Money,Rock
Jermaine Stewart,R&B
Lisa Lisa & Cult Jam with Full Force,/
,/
Scritti Politti,Pop
James Brown,Funk
Billy Squier,Rock
The Motels,New wave
The Alan Parsons Project,Progressive rock
"""Leather and Lace""",/
Area,/
,/
Lindsey Buckingham,Rock
Roberta Flack,Jazz
.38 Special,/
Royal Philharmonic Orchestra (RPO),/
"Crosby, Stills, Nash & Young",Folk rock
State of Alabama,/
Karla Bonoff,Folk rock
"""Guilty""",/
The Oak Ridge Boys,Country
Ronnie Milsap,Country
Gino Vannelli,Pop
The Manhattan Transfer,Vocal jazz
Don McLean,Folk
Marty Balin,Psychedelic rock
Frankie and the Knockouts,Pop rock
Terri Gibbs,Country
Leo Sayer,Soft rock
Dottie West,Country
Gary U.S. Bonds,R&B
Delbert McClinton,Americana
El DeBarge,R&B
Mike + The Mechanics,Rock
Baltimora,Italo disco
Quincy Jones,Rhythm and blues
A Flock of Seagulls,New wave
United States of America,/
Michael P. Murphy,/
,/
Kenny Nolan,Soft rock
Thelma Houston,R&B
Rita Coolidge,Pop
Alan O'Day,Pop rock
Mary MacGregor,Folk
Jimmy Buffett,country
Electric Light Orchestra,Progressive pop
Pablo Cruise,Pop
Peter McCann,Pop
Bill Conti,Film score
Glen Campbell,Country
Steely Dan,Jazz rock
"""Sweet Baby""",/
"""Suddenly""",/
Devo,New wave
Gary Wright,Hard rock
Rosanne Cash,Country
Paul McCartney and Wings,Rock
"""Don't Go Breaking My Heart""",/
Johnnie Taylor,SAR
The Four Seasons,Rock
The Miracles,R&B
Paul Simon,Folk
Walter Murphy,Film score
Starland Vocal Band,Pop
Silver Convention,Euro disco
Seals and Crofts,Soft rock
Andrea True,Disco
Dorothy Moore,blues
The Sylvers,R&B
England Dan & John Ford Coley,Pop rock
Type,/
Nazareth,/
Freddy Fender,Tejano
John Denver,Folk
Minnie Riperton,Soul
Carl Douglas,Disco
B. J. Thomas,Country
Terry Jacks,Rock
The Love Unlimited Orchestra,Soul
Grand Funk Railroad,Capitol
MFSB (Mother Father Sister Brother),Soul
Ray Stevens,Country
Mac Davis,Country
Maria Muldaur,Folk
The Stylistics,Philadelphia soul
No. 56,/
Jim Stafford,Country
David Essex,Pop
Blue Swede,Pop rock
Bo Donaldson and The Heywoods,Pop
Charlie Rich,Country
Jim Croce,Folk
Gordon Lightfoot,Folk
Paul Anka,Pop
Andy Kim,Pop rock
Tony Orlando and Dawn,Pop
Kris Kristofferson,Country
Billy Preston,R&B
Carly Simon,Pop rock
Vicki Lawrence,/
,/
Helen Reddy,Fontana
Billy Paul,Soul
Edgar Winter,Rock
Dobie Gray,Soul
,/
The Isley Brothers,Doo-wop
Rose Royce,Soul
Marilyn McCoo,R&B
David Soul,/
Jennifer Warnes,Country rock
Manfred Mann's Earth Band,Progressive rock
Atlanta Rhythm Section,Southern rock
,/
Peter Frampton,talk box
10cc,Art rock
Shaun Cassidy,Pop rock
James Taylor,Folk rock
Alice Cooper,Hard rock
Johnny Rivers,Rock and roll
Andrew Gold,Pop
The Marshall Tucker Band,Southern rock
State of Kansas,/
Engelbert Humperdinck,french horn
Ohio Players,Funk
Lou Rawls,Gospel
Bellamy Brothers,Country
Vicki Sue Robinson,Disco
The Osmonds,R&B
RÜFÜS DU SOL,Columbia
Henry Gross,Rock
The O'Jays,R&B
Elvin Bishop,Blues
C. W. McCall,Country
John Sebastian,Rock
Janis Ian,Columbia
Average White Band,Blue-eyed soul
Van McCoy,Disco
Labelle,Doo-wop
No. 9,/
,/
The Ozark Mountain Daredevils,Southern rock
Carpenters,Pop
Harry Chapin,Folk
Jessi Colter,Country
Billy Swan,Country
"Hamilton, Joe Frank & Reynolds",Soft rock
Morris Albert,soft rock
Sammy Johns,Folk rock
Barry White,R&B
,/
The Blackbyrds,R&B
Gladys Knight & The Pips,R&B
Eddie Kendricks,R&B
Richard Starkey,Rock
The Main Ingredient,Soul
George McCrae,Soul
Three Dog Night,Pop rock
The Hues Corporation,Pop
Paper Lace,Pop
"""Then Came You""",/
Marvin Hamlisch,Musical theatre
The Hollies,Rock
"""Mockingbird""",/
Joni Mitchell,Folk
The Righteous Brothers,Pop
William DeVaughn,R&B
Johnny Bristol,R&B
Mocedades,Folk
Bachman–Turner Overdrive,Rock
Dr. John,Jazz
Species,/
Maureen McGovern,Broadway
Stealers Wheel,Pop rock
King Harvest,Rock
Bobby Pickett,Novelty
Sly and the Family Stone,Funk
New York City,/
Deep Purple,Hard rock
Loggins and Messina,Folk rock
Burton Cummings,Rock
Elvis Presley,Rock and roll
The Sanford-Townsend Band,Pop rock
Dean Friedman,Pop
Main ingredients,/
Meco,Space disco
The Floaters,Smooth R&B
Bay City Rollers,Pop
Joe Tex,R&B
Dr. Buzzard's Original,Soul
Al Stewart,Rock
,/
The Staple Singers,Soul
General properties,/
Keith Carradine,/
Harold Melvin & the Blue Notes,R&B
John Travolta,/
The Beatles,Rock
Orléans,/
Jefferson Starship,Rock
Foghat,Blues rock
David Ruffin,R&B
Candi Staton,Soul
,/
Larry Groce,Country
,/
Thin Lizzy,Hard rock
"""Don't Call Us, We'll Call You""",/
Phoebe Snow,Blues
,/
B.T. Express,Funk
Carol Douglas,R&B
Dave Loggins,Pop
Wet Willie,Southern rock
Bobby Womack,R&B
Yusuf Islam/Cat Stevens,Folk
Mike Oldfield,Experimental
Four Tops,Soul
Al Green,R&B
B. W. Stevenson,Rock
Curtis Mayfield,Soul
Gilbert O'Sullivan,Soft rock
,/
Timmy Thomas,R&B
Tower of Power,Soul
The Allman Brothers Band,Southern rock
The Temptations,R&B
Donna Fargo,Country pop
Eumir Deodato,Pop
London Symphony Orchestra,/
The Who,Rock
Todd Rundgren,Pop
Tom T. Hall,Bluegrass
The Guess Who,Hard rock
Sister Janet Mead,Christian
Lamont Dozier,Rhythm and blues
Diana & Marvin,/
Johnny Nash,Traditional Pop
Albert Hammond,Pop rock
Donny Osmond,Vocal
Justin Bieber,Pop
Twenty One Pilots,Alternative hip hop
Desiigner,Hip hop
Rihanna,R&B
,/
The Chainsmokers,EDM
Justin Timberlake,R&B
Lukas Graham,Pop
Flo Rida,Hip hop
Mike Posner,Electropop
Fifth Harmony,Pop
Calvin Harris,EDM
DNCE,Funk-pop
"""Me, Myself & I""",/
Shawn Mendes,Pop
Major Lazer,EDM
Adele,Pop
Mark Ronson,Electronic
Ed Sheeran,Pop
Wiz Khalifa,Rostrum
Fetty Wap,Hip hop
Maroon 5,Pop
Walk the Moon,Pop rock
Taylor Swift,Pop
Silentó,Hip hop
The Weeknd,R&B
,/
Ellie Goulding,Electropop
Hozier,Indie rock
DJ Snake,Trap
Jason Derulo,R&B
Purpose,/
Rachel Platten,Pop
Meghan Trainor,R&B
Pharrell Williams,Hip hop
Katy Perry,Pop
John Legend,R&B
Iggy Azalea,Hip hop
OneRepublic,Pop rock
Magic!,Reggae fusion
Ariana Grande,Pop
Sam Smith,Soul
Origin,/
Bastille,/
Nico & Vinz,Afrobeat
"""Turn Down for What""",/
"""Say Something""",/
Eminem,Aftermath
Lorde,Art pop
,/
Idina Menzel,Broadway
Avicii,EDM
Imagine Dragons,Pop rock
One Direction,Pop
Macklemore & Ryan Lewis,Hip hop
Robin Thicke,Soul
Pink,Pop
Florida Georgia Line,Country
Bruno Mars,R&B
The Lumineers,Denver
Daft Punk,French house
Miley Cyrus,Walt Disney
Anna Kendrick,/
Jay-Z,Roc Nation
Gotye,Indie rock
Carly Rae Jepsen,MapleMusic
,/
The Wanted,Dance-pop
Kelly Clarkson,Pop
Nicki Minaj,Hip hop
LMFAO,David Rush
,/
Neon Trees,Pop rock
David Guetta,EDM
Jason Mraz,Pop rock
,/
,/
Bryson Tiller,R&B
,/
gnash,Hip hop
Alessia Cara,Alternative R&B
Selena Gomez,Pop
Charlie Puth,Pop
James Bay,/
"""Never Forget You""",/
Kiiara,Pop
Jeremih,50 Cent
Kevin Gates,Rapper
DJ Khaled,A&R
,/
Elle King,Americana
Thomas Rhett,Country
Post Malone,Hip hop
Nick Jonas,Pop
X Ambassadors,Rock
 discography,/
Yo Gotti,Collective
Omarion,R&B
Tove Lo,Island
"""Time of Our Lives""",/
Rock City,Hip hop
"""Bang Bang""",/
American Authors,Pop rock
Chris Brown,R&B
Charli XCX,Dance-pop
Beyoncé,R&B
Enrique Iglesias,Pop
Clean Bandit,Electronic
Kid Ink,RCA
Paramore,Alternative rock
Aloe Blacc,Soul
MKTO,Pop
Coldplay,Alternative rock
Trey Songz,R&B
Bobby Shmurda,Hip hop
Echosmith,Rock
Jason Aldean,Country
Luke Bryan,Vocalist
Tinashe,Alternative R&B
CeeLo Green,R&B
The Black Eyed Peas,Pop
Jennifer Lopez,R&B
Foster the People,Indie pop
William,/
Zedd,EDM
Awolnation,Alternative rock
Swedish House Mafia,Progressive house
Icona Pop,Electropop
,/
Lady Gaga,Pop
Lil Wayne,Young Money
Fall Out Boy,[1]
ASAP Rocky,Rapper
"""Summertime Sadness""",/
Phillip Phillips,Pop rock
J. Cole,[3]
Demi Lovato,[3]
Alicia Keys,R&B
Darius Rucker,Rock
Psy,K-pop
Kesha,Pop
Karmin,Pop
Blake Shelton,Giant
 discography,/
Alex Clare,Alternative rock
Pink,/
"""Good Time""",/
"""Niggas in Paris""",/
Tyga,Rapper
Jessie J,R&B
Gym Class Heroes,Hip hop
Hunter Hayes,Country
2 Chainz,Def Jam
Cher Lloyd,Hip hop
Big Sean,GOOD
Eric Church,Country
Gavin DeGraw,Blue-eyed soul
Little Big Town,Mercury Nashville
Carrie Underwood,Country
Tory Lanez,Hip hop
Travis Scott,Hip hop
Ruth B,Pop
 discography,/
"""All the Way Up""",/
O.T. Genasis,Hip hop
 discography,/
Tim McGraw,Curb
Lady Antebellum,Country
B.o.B,Hip hop
Taio Cruz,[6]
Young Money Entertainment,/
Alexander Shuckburgh,Jay-Z
Travie McCoy,Hip hop
Iyaz,Contemporary R&B
The Script,Pop
Owl City,Electronica
The All-American Rejects,Alternative rock
Kanye West,Vocals
The Fray,Pop rock
T.I.,T.I. & Tiny: The Family Hustle
Kings of Leon,Alternative rock
Keri Hilson,R&B
Jamie Foxx,The Jamie Foxx Show
Brantley Gilbert,Southern rock
Becky G,Latin pop
Rixton,Pop
Martin Garrix,[1]
Cash Money Records,/
Kenny Chesney,Capricorn
Sara Bareilles,Singer-songwriter
The Neighbourhood,Alternative rock
Sam Hunt,Country
"""Show the World""",/
Dierks Bentley,Country
Naughty Boy,UK garage
5 Seconds of Summer,Pop rock
Shakira,Latin pop
Kongos,Alternative rock
Mike Will Made It,Hip hop
Jake Owen,Country
Schoolboy Q,Top Dawg
Lee Brice,Jerrod Niemann
Miranda Lambert,Epic Nashville
Britney Spears,Pop
Lupe Fiasco,Rapper
Hot Chelle Rae,Dance-rock
Bad Meets Evil,Shady
The Band Perry,Country
Waka Flocka Flame,Brick Squad Monopoly
,/
Cobra Starship,Dance-pop
Dr. Dre,Hip hop
Nelly,Derrty
Edward Maya,House
Kelly Rowland,R&B
Ne-Yo,Motown
Kirko Bangz,Hip hop
Toby Keith,Mercury Nashville
Selena Gomez,Pop rock
T-Pain,Hip hop
Christina Perri,Pop
Havana Brown,/
Cash Out,Dae Dae
Kip Moore,Country Rock
Eli Young Band,Country
Linkin Park,Alternative rock
Ludacris,Disturbing tha Peace
Far East Movement,Hip hop
Timbaland,Hip hop
Michael Bublé,Traditional pop
Jay Sean,R&B
La Roux,Synth-pop
Adam Lambert,Pop
Kris Allen,Pop rock
Mr Hudson,Indietronica
Orianthi,Rock
The E.N.D. (The Energy Never Dies),/
New Boyz,Hip hop
Shontelle,R&B
Soulja Boy,Hip hop
Shinedown,Hard rock
Kid Cudi,Hip hop
3OH!3,Synth-pop
,/
Kevin Rudolf,Rock
Sean Kingston,Reggae fusion
Mariah Carey,R&B
"""Encore""",/
I Am... Sasha Fierce,/
The Pussycat Dolls,R&B
Nickelback,Post-grunge
Akon,Singer
Jordin Sparks,Singer
Publisher(s),/
Tinie Tempah,British hip hop
Avril Lavigne,Canada
,/
Teenage Dream: The Complete Confection,/
Zac Brown Band,Bigger Picture
"""Remind Me""",/
Boys Like Girls,Pop rock
Sugarland,Mercury Nashville
,/
Uncle Kracker,Country
Cali Swag District,Hip hop
Jerrod Niemann,Mercury Nashville
Rodney Atkins,Country
Thompson Square,Country
Leona Lewis,R&B
 discography,/
Natasha Bedingfield,R&B
Colbie Caillat,Folk pop
Gwen Stefani,Pop
,/
Plain White T's,Pop punk
Nelly Furtado,R&B
Shop Boyz Rockstars,Southern hip hop
Daniel Powter,Pop rock
Sean Paul,Dancehall
James Blunt,Pop rock
Gnarls Barkley,Soul
Chamillionaire,Hip hop
Mary J. Blige,R&B
Cassie,/
Yung Joc,Marques Houston
Panic! at the Disco,Pop rock
Lil Jon,Hip hop
Red Hot Chili Peppers,Funk rock
Mario,/
Ciara,R&B
Green Day,Punk rock
50 Cent,50 Central
Missy Elliott,Hip hop
The Killers,Alternative rock
Weezer,Alternative rock
Rob Thomas,Pop rock
Snoop Dogg,[1]
OutKast,Hip hop
Hoobastank,Post-grunge
Mario Winans,R&B
Terror Squad,SRC
J-Kwon,Hip hop
Petey Pablo,Hip hop
3 Doors Down,Post-grunge
Twista,Rapper
Evanescence,/
Lil' Flip,Hip hop
Nina Sky,Latin
"""My Boo""",/
Christina Milian,R&B
Finger Eleven,Alternative rock
Jesse McCartney,Pop
Kardinal Offishall,Rapper
,/
Plies,Hip hop
Danity Kane,R&B
Buckcherry,Eleven Seven
Webbie,Hip hop
Colby O'Donis,Pop
Wyclef Jean,Hip hop
Secondhand Serenade,Pop rock
John Mayer,Pop
J. Holiday,R&B
Jim Jones,/
Unk,Hip hop
Elliott Yamin,Pop
Sean Combs,Revolt TV network
Fat Joe,Hip hop
Fabolous,Desert Storm
Hinder,Alternative rock
R. Kelly,[1]
The Red Jumpsuit Apparatus,Alternative rock
Baby Boy Da Prince,Hip hop
Bow Wow Wow,EMI
Hurricane Chris,Polo Grounds
Bone Thugs-N-Harmony,Hip hop
My Chemical Romance,Alternative rock
Snow Patrol,Alternative rock
B'Day,/
Dem Franchize Boyz,Southern hip hop
Rascal Flatts,Country
Cascada,EDM
Christina Aguilera,R&B
Bubba Sparxxx,Hip hop
Fort Minor,Alternative hip hop
D4L,Southern hip hop
E-40,Sick Wid It
Nick Lachey,Pop rock
Field Mob,Hip hop
KT Tunstall,Alternative rock
Juelz Santana,Rapper
Young Dro,E1
Chingy,Hip hop
Kelis,R&B
Jibbs,/
Ray J,R&B
Matchbox Twenty,Alternative rock
Kid Rock,Rock
Bad Boys II,/
 discography,/
No Stranger to Shame,/
Lil' Kim,Hip hop
Ja Rule,Hip hop
Destiny's Child,R&B
Will Smith,Jive
Frankie J,R&B
Papa Roach,Hard rock
Gorillaz,Alternative rock
Pretty Ricky,Pleasure P
Howie Day,Pop rock
Trillville,Hip hop
David Banner,record producer
Jeezy,CTE World
Trick Daddy,Slip-n-Slide
Baby Bash,Universal
Ying Yang Twins,Hip hop
Backstreet Boys,Pop
Kevin Lyttle,Soca
Sheryl Crow,Pop
,/
Los Lonely Boys,Chicano rock
No Doubt,Ska punk
Ashlee Simpson,Pop rock
JoJo,Singer
Switchfoot,Alternative rock
Jessica Simpson,Pop
Ruben Studdard,Pop
Houston,/
Lloyd Banks,G-Unit
Jagged Edge,R&B
D12,Hip hop
Jadakiss,Def Jam
LL Cool J,429
Three 6 Mafia,Hip hop
Jonas Brothers,Rock
The-Dream,R&B
David Archuleta,Vocals
Rick Ross,Suave House
Keyshia Cole,R&B
Trace Adkins,Capitol Nashville
Gavin Rossdale,Vocals
Saving Abel,Hard rock
The Calling,Post-grunge
Vanessa Carlton,vocals
Puddle of Mudd,Post-grunge
Jimmy Eat World,Alternative rock
Ginuwine,550
Eve,/
,/
Michelle Branch,Pop
Chad Kroeger,Post-grunge
Rich Boy,Hip hop
Amy Winehouse,Soul
Paula DeAnda,Pop
Hellogoodbye,Indie pop
"""Break It Off""",/
Crime Mob,Hip hop
"""Same Girl""",/
Lenny Kravitz,Rock
Blu Cantrell,R&B
Busta Rhymes,Conglomerate
Daddy Yankee,Barrio Fino
Blue October,Alternative rock
,/
Taylor Hicks,Blues rock
Teddy Geiger,Alternative rock
Tyrese Gibson,Hip hop
Wayne Wonder,Reggae fusion
The Dixie Chicks,Country pop
Product type,/
YoungBloodZ,Hip hop
Clay Aiken,Pop
Trapt,Hard rock
Shania Twain,Country
Nas,Hip hop
Daniel Bedingfield,R&B
 discography,/
Mýa,R&B
Lonestar,Country
Foo Fighters,Alternative rock
Brooke Valentine,R&B
The Click Five,Power pop
Ryan Cabrera,Pop rock
Mike Jones,Ice Age
Collision Course,/
:,/
Faith Hill,Country
Five for Fighting,Soft rock
Nick Cannon,Hip hop
Alan Jackson,Neotraditional country
Beenie Man,Virgin
G-Unit,Hip hop
Keith Urban,Country
Gretchen Wilson,Country
John Michael Montgomery,Atlantic Nashville
2 Pistols,Hip hop
Cam'ron,Dipset
NSYNC,Pop
N.O.R.E.,Hip hop
Truth Hurts,R&B
M!ssundaztood,/
Musiq Soulchild,R&B
Mr. Cheeks,Stephen Marley
Big Tymers,Hip hop
Craig David,R&B
LeAnn Rimes,Country
Aaliyah,R&B
Faith Evans,R&B
Staind,Alternative metal
Jagged Edge,/
,/
City High,R&B
2001 MTV Video Music Awards,/
Crazy Town,Rap rock
Lee Ann Womack,Neotraditionalist country
 discography,/
K-Ci & JoJo,R&B
,/
Sugar Ray,Alternative rock
The Blueprint,/
Amanda Perez,R&B
Erykah Badu,Neo soul
Tupac Shakur,Mopreme Shakur
Jaheim,R&B
Mark Wills,Country
Young Gunz,Roc-A-Fella
Brooks & Dunn,Country
Darryl Worley,Country
Audioslave,Hard rock
Thalía,Latin pop
Norah Jones,Pop
Floetry,R&B
Vertical Horizon,Alternative rock
Savage Garden,Roadshow
Toni Braxton,R&B
Sisqó,R&B
Brian McKnight,R&B
Sixpence None the Richer,Alternative rock
Deborah Cox,R&B
Ricky Martin,Pop
:,/
Goo Goo Dolls,Alternative rock
,/
,/
Smash Mouth,Alternative rock
Sarah McLachlan,banjo
Angie Martinez,Hip hop
Dirty Vegas,Electronica
Steve Holy,Country
B2K,R&B
George Strait,Country
Alanis Morissette,Alternative rock
Celine Dion,Pop
"""The Boy Is Mine""",/
Paula Cole,Pop
Third Eye Blind,Pop rock
Jennifer Paige,Pop
Public Announcement,New jack swing
,/
Montell Jordan,Hip hop soul
Los del Río,Latin pop
,/
Tony Rich,R&B
Donna Lewis,Pop
Evan and Jaron,Pop rock
,/
Mystikal,Big Boy
La Toya Jackson,Pop
Enya,New age
Tamia,R&B
Sunshine Anderson,R&B
Dave Matthews Band,Rock
S Club 7,Pop
3LW,R&B
Developed by,/
Romeo Miller,No Limit Forever
Jessica Andrews,Country
Erick Sermon,Hip hop
Willa Ford,Pop
Diamond Rio,Country
Travis Tritt,Country
Eve 6,Alternative rock
Eden's Crush,Pop
Debelah Morgan,R&B
Country Grammar,/
Coolio,Hip hop
Boyz II Men,R&B
United States Navy SEALs,/
,/
Adina Howard,R&B
Blues Traveler,Rock
All-4-One,R&B
Ace of Base,Dance-pop
Lisa Loeb,Pop
Salt-N-Pepa,Hip hop
,/
SWV,R&B
Transcriptions,/
,/
Wreckx-n-Effect,Hip hop
Snow,/
Transcriptions,/
Jodeci,Uptown
Duice,Hip hop
Robin S.,House
Regina Belle,R&B
Soul Asylum,Alternative rock
,/
Eagle-Eye Cherry,Rock
Pearl Jam,Alternative rock
Everlast,Hip hop
,/
98 Degrees,Contemporary R&B
Lauryn Hill,R&B
Lou Bega,Pop
Shawn Mullins,Alternative rock
Blaque,R&B
Tal Bachman,Pop rock
JT Money,Hip hop
Jesse Powell,R&B
Marcy Playground,Alternative rock
Robyn,Electropop
Mase,Children of the Corn
Chumbawamba,Anarcho-punk
Lord Tariq and Peter Gunz,Hip hop
"
",/
Jon B.,R&B
Master P,No Limit Forever
All Saints,/
Voices of Theory,R&B
Billie Myers,pop rock
Sylk-E. Fyne,RCA Records
Barenaked Ladies,Alternative rock
"""Swing My Way""",/
Xscape,/
Somethin' for the People,R&B
INOJ,Pop
Jimmy Ray,Pop
Spice Girls,Pop
Pras,Hip hop
Nas & Ill Will Records Presents QB's Finest,/
,/
The Proclaimers,Folk rock
Spin Doctors,Rock
Arrested Development,/
Shanice,Singer
Sons of Soul,/
Meat Loaf,Rock
Onyx,/
P.M. Dawn,Hip hop
95 South,Hip hop
Naughty by Nature,Hip hop
4 Non Blondes,Alternative rock
The New Power Generation,Rock
,/
Ugly Kid Joe,Hard rock
Positive K,Rapper
Zhané,R&B
Cypress Hill,Ruffhouse
Jeremy Jordan,/
Jordan Knight,Dance-pop
Eric Benét,R&B
Dru Hill,R&B
Mark Chesnutt,MCA Nashville
Chanté Moore,R&B
Marc Anthony,Latin
Joe Arpaio,/
"""Baby-Baby-Baby""",/
Mo Thugs,Relativity
,/
"""Take Me There""",/
Joe McIntyre,Pop
Jo Dee Messina,Country
Kelly Price,R&B
Edwin McCain,indie rock
Sister Hazel,Alternative rock
Monifah,R&B
Course,/
The Verve,Alternative rock
Loreena McKennitt,Celtic
Big Pun,Rapper
Boy Krazy,Pop
Jon Secada,Pop
DJ Jazzy Jeff & the Fresh Prince,Hip hop
Restless Heart,RCA Nashville
Ice Cube,Hip hop
Captain Hollywood Project,Eurodance
Digable Planets,Jazz rap
Haddaway,Eurodance
Michael Bolton,Pop rock
En Vogue,R&B
Kris Kross,Da Brat
Green Jellÿ,Comedy rock
Gin Blossoms,Alternative rock
Citizen King,Alternative rock
Contemporary R&B,/
Sir Mix-a-Lot,Hip hop
Vanessa Williams,R&B
Color Me Badd,R&B
C+C Music Factory,The 28th Street Crew
Paula Abdul,Pop
Timmy T,Pop
Hi-Five,R&B
,/
Amy Grant,Contemporary Christian
Stevie B,Dance
Music,/
Jesus Jones,Alternative rock
"""Good Vibrations""",/
Roxette,Pop
Wilson Phillips,Pop
Sinéad O'Connor,Alternative rock
Bell Biv DeVoe,New jack swing
Jon Bon Jovi,Rock
Technotronic,Eurodance
Maxi Priest,Charisma
Alannah Myles,Rock
"""All My Life""",/
Lisa Stansfield,R&B
,/
Johnny Gill,R&B
Jane Child,Freestyle
,/
Milli Vanilli,Dance
,/
Anita Baker,R&B
Boy Meets Girl,Pop rock
Fine Young Cannibals,Alternative rock
Right Said Fred,Pop
Billy Ray Cyrus,Doc
Tom Cochrane,Rock
CeCe Peniston,House
Patty Smyth,Rock
House of Pain,Hip hop
"""Don't Let the Sun Go Down on Me""",/
Translations of,/
Sophie B. Hawkins,pop rock
"""The Best Things in Life Are Free""",/
Shakespears Sister,Pop rock
,/
KWS,Pop
Mint Condition,R&B
The Cover Girls,Freestyle
,/
Sammy Davis Jr.,Traditional pop
Bill Withers,Soul
Melanie,/
Wayne Newton,Jazz
Author,/
The Chi-Lites,R&B
Chuck Berry,Rock and roll
Luther Ingram,R&B
Neil Young,Rock
Tara Kemp,R&B
Ralph Tresvant,R&B
Cathy Dennis,Pop
Londonbeat,Anxious
R.E.M.,Alternative rock
FireHouse,Heavy metal
Tracie Spencer,Singer
Luther Vandross,R&B
Divinyls,New wave
Another Bad Creation,Hip hop
,/
Bonnie Raitt,Blues
Vanilla Ice,Hip hop
Corina,/
The KLF,House
,/
New Kids on the Block,Pop
James Ingram,R&B
Tommy Page,Pop
The B-52s,New wave
Soul II Soul,Soul
MC Hammer,Hip hop
Michel'le,R&B
After 7,R&B
Digital Underground,Hip hop
Tom Petty,Shelter
Martika,Pop
Tone Loc,Hip hop
Bad English,Hard rock
Neneh Cherry,Hip hop
,/
Young MC,Hip hop
Great White,Glam metal
Michael Damian,/
Love and Rockets,Alternative rock
,/
,/
Karyn White,R&B
Toad the Wet Sprocket,Alternative rock
"""Beauty and the Beast""",/
Marky Mark and the Funky Bunch,Hip hop
The Cure,Gothic rock
N2Deep,West Coast hip hop
Kathy Troccoli,Contemporary Christian
Simon and Garfunkel,Folk rock
Mouth & MacNeal,Decca
Hot Butter,Pop
The 5th Dimension,R&B
The Moody Blues,Progressive rock
Raspberries,Power pop
,/
Heavy D,Hip hop
Michael W. Smith,CCM
Oleta Adams,Gospel
Tevin Campbell,R&B
Queensrÿche,Heavy metal
Aaron Neville,R&B
Concepts,/
Gerardo,/
Deee-Lite,House
Chesney Hawkes,Pop rock
The Archies,New York City
Tommy Roe,Rock and roll
The Foundations,Soul
Tommy James and the Shondells,Pop rock
The Cowsills,Bubblegum pop
Henry Mancini,Film scores
The Youngbloods,Folk rock
The Friends of Distinction,R&B
Creedence Clearwater Revival,Roots rock
Jr. Walker,R&B
Depeche Mode,Synth-pop
Faith No More,Alternative metal
"""Why""",/
Biz Markie,Hip hop
Mötley Crüe,Glam metal
Jive Bunny and the Mastermixers,/
Mellow Man Ace,Capitol
,/
,/
Jeff Healey,Blues rock
Lita Ford,Glam metal
"""After All""",/
Edie Brickell & New Bohemians,Alternative rock
Deon Estus,R&B
"""Surrender to Me""",/
Charles & Eddie,Soul
Das EFX,East Coast hip hop
Zager and Evans,Folk rock
The Lettermen,Pop
"Blood, Sweat & Tears",Jazz rock
Johnny Cash,Country
Jerry Butler,Chicago soul
The Zombies,Rock
Bobby Sherman,Pop
,/
Jackie DeShannon,Pop
Paul Mauriat,Classical
Otis Redding,Soul
,/
,/
Bobby Goldsboro,Country
Archie Bell & the Drells,Funk
Jeannie C. Riley,Country music
The Rascals,Rock
O. C. Smith,R&B
The Doors,Psychedelic rock
Gary Puckett & the Union Gap,Pop
The Box Tops,Blue-eyed soul
Hugh Masekela,Jazz
The Grass Roots,Folk rock
Cliff Nobles,Soul
Bobbie Gentry,Country
The Association,Sunshine pop
The Monkees,Pop rock
Frank Sinatra Jr.,/
The Turtles,Sunshine pop
The Music Explosion,Garage rock
Bobby Vee,Pop
The Buckinghams,Sunshine pop
Arthur Conley,Soul
Soul Survivors,/
Sam & Dave,Soul
,/
Every Mother's Son,Sunshine pop
Strawberry Alarm Clock,Rock
Barry Sadler,/
? and the Mysterians,Garage rock
The Supremes,R&B
The Lovin' Spoonful,Rock
Roger Williams,/
Nancy Sinatra,Rock
Jimmy Ruffin,Soul
Frank Sinatra,Traditional pop
,/
Percy Sledge,R&B
Petula Clark,Popular music
Lou Christie,Pop
The Troggs,Garage rock
Paul Revere & the Raiders,Pop rock
Donovan,Folk rock
Bobby Hebb,/
The Happenings,Sunshine pop
,/
Mitch Ryder,Rock and roll
The Delfonics,Rhythm and blues
The Vogues,Rock and roll
John Fred,Blue-eyed soul
Classics IV,Soft rock
Merrilee Rush,/
Georgie Fame,Rhythm and blues
Mary Hopkin,Apple
1910 Fruitgum Company,Bubblegum pop
Ohio Express,Cameo
The Crazy World of Arthur Brown,Psychedelic rock
Gene & Debbe,Pop
Mason Williams,Easy listening
Clarence Carter,Southern soul
,/
The Lemon Pipers,Psychedelic pop
,/
Richard Harris,/
José Feliciano,Latin pop
,/
,/
Blue Cheer,Hard rock
Vikki Carr,Latin pop
Buffalo Springfield,Folk rock
Brenton Wood,Soul
United,/
Jefferson Airplane,Psychedelic rock
,/
Van Morrison,Rock
Martha and the Vandellas,R&B
Procol Harum,Progressive rock
The Casinos,Doo-wop
Bobby Vinton,Pop
The Tremeloes,Beat
Ed Ames,Pop
Scott McKenzie,Pop
Herman's Hermits,Beat
Jackie Wilson,R&B
The Seekers,Easy-listening
Five Americans,Rock
Lesley Gore,Pop
The Mindbenders,Beat
Dusty Springfield,Pop
The Capitols,R&B
Sandy Posey,Pop
The Cyrkle,Pop
Carla Thomas,Memphis soul
The Left Banke,Smash
James & Bobby Purify,Rhythm and blues
The Standells,Garage rock
Bob Lind,Folk
Ray Charles,R&B
Peter and Gordon,/
The Surfaris,Surf rock
Count Five,Garage rock
,/
Deon Jackson,/
Crispian St. Peters,/
Brenda Lee,Rock and roll
Ray Conniff,Big band
The Famous Flames,Rhythm and blues
,/
The Dells,R&B
The Human Beinz,Rock
The Animals,Columbia
Boyce and Hart,Pop
The Irish Rovers,Irish
Vanilla Fudge,Psychedelic rock
The Sweet Inspirations,Soul
We Five,Folk rock
Roger Miller,Country
Jim Holvay,Soul
Mel Carter,Soul
Sonny & Cher,Pop
Gary Lewis & the Playboys,Rock
Ramsey Lewis,Jazz
The Easybeats,Rock
The Bar-Kays,R&B
The Spencer Davis Group,Beat
The Hombres,Garage rock
Booker T. & the M.G.'s,R&B
Wilson Pickett,R&B
The Royal Guardsmen,Rock
"Peter, Paul and Mary",Folk
Bill Cosby,/
The Electric Prunes,Psychedelic rock
Roy Orbison,Rock and roll
Louis Armstrong,Dixieland
Dean Martin,Traditional pop
Mary Wells,R&B
Gale Garnett,/
,/
Al Hirt,Jazz
Manfred Mann,Rock
Billy J. Kramer,Pop
The Drifters,R&B
The Dixie Cups,Rhythm and blues
Terry Stafford,Rock
The Dave Clark Five,Pop rock
The Newbeats,Pop
Bobby Darin,Jazz
The Marvelettes,R&B
Lee Dorsey,R&B
The Shadows of Knight,Garage rock
The Sandpipers,Folk rock
Bob Dylan,Lucky Wilbury
Shades of Blue,/
Los Bravos,Rock
Slim Harpo,Blues
Chris Montez,Rock
The Bobby Fuller Four,Rock and roll
The Yardbirds,Blues rock
Skeeter Davis,Country
The Chiffons,Rock and roll
,/
,/
The Impressions,R&B
Andy Williams,Traditional pop
Kyu Sakamoto,Pop
The Tymes,R&B
,/
Nino Tempo & April Stevens,Pop rock
Al Martino,Jazz
Rockin' Rebel,/
Inez & Charlie Foxx,Pop
Peggy March,Pop
The Mills Brothers,Jazz
The Chambers Brothers,Psychedelic soul
"""Say It Loud – I'm Black and I'm Proud (Part 1)""",/
Shorty Long,R&B
Big Brother and the Holding Company,Psychedelic rock
The American Breed,Rock
Acker Bilk,Traditional jazz
Dee Dee Sharp,R&B
Shelley Fabares,/
Little Eva,Pop
,/
Chubby Checker,Rock and roll
The Shirelles,R&B
Bruce Channel,Rock and roll
Gene Chandler,R&B
Freddy Cannon,Rock and roll
Claude King,Country
Johnny Tillotson,Country
Jay and the Americans,Rock
The Byrds,Rock
,/
,/
Barry McGuire,Rock
Hatfield–McCoy feud,/
Bert Kaempfert,Easy listening
Wayne Fontana,Beat
Shirley Ellis,Pop
Barbara Lewis,/
The Kingsmen,Beat
Patti Page,Traditional pop
Freddie and the Dreamers,Beat
Gerry and the Pacemakers,Merseybeat
,/
Shirley Bassey,Traditional Pop
Billy Joe Royal,Rock and roll
Glenn Yarbrough,Folk
The Beau Brummels,Rock
,/
,/
Patsy Cline,Nashville sound
The Highwaymen,Country
Del Shannon,Rock
,/
,/
Dee Clark,R&B
,/
Lawrence Welk,/
,/
,/
Connie Francis,Traditional pop
Sue Thompson,Pop
Ernie K-Doe,R&B
,/
Ricky Nelson,Rockabilly
Brook Benton,Pop
Gene McDaniels,Jazz
Dick and Dee Dee,Pop
Marty Robbins,Country
Floyd Cramer,/
Steve Lawrence,Big band
Gene Pitney,Pop music
Jan and Dean,Vocal surf
The Honeycombs,Beat
The Serendipity Singers,Folk
"""Je t'appartiens""",/
Danny Williams,/
The Rip Chords,Pop
Betty Everett,R&B
Millie Small,Blue beat
Major Lance,Soul
Chad & Jeremy,Folk
Astrud Gilberto,Bossa nova
The Shangri-Las,Pop
Bobby Freeman,Soul
,/
The Bachelors,Pop
,/
The Hondells,Surf rock
,/
Eydie Gormé,Bolero
Randy & the Rainbows,Doo-wop
The Rooftop Singers,Folk
Jimmy Soul,Pop
Trini Lopez,/
Essex,/
,/
,/
The Ronettes,R&B
The Orlons,R&B
Bill Anderson,Nashville sound
Garnet Mimms,Soul
The Crystals,Rock and roll
Lonnie Mack,Blues rock
Kai Winding,Jazz
,/
Tony Bennett,Traditional pop
,/
Sam Cooke,Soul
Kenny Ball,Jazz
,/
Nat King Cole,Jazz
Brian Hyland,Bubblegum
Ketty Lester,Traditional pop
Claudine Clark,R&B
Bent Fabric,Classical
Richard Chamberlain,/
Ace Cannon,/
Clyde McPhatter,Rock and roll
,/
Pat Boone,Pop
Burl Ives,/
The Everly Brothers,Country
,/
Ernie Maresca,Rock and roll
,/
,/
Joanie Sommers,Popular music
"Dave ""Baby"" Cortez",Pop
Sir Douglas Quintet,Tex-Mex
The Searchers,/
Vic Dana,/
Patty Duke,/
The Fortunes,Pop
Little Anthony and the Imperials,Rhythm and blues
The Strangeloves,/
Roy Head,Blue-eyed soul
Barry Mann,Pop
,/
Chris Kenner,R&B
The Ad Libs,Soul
Jørgen Ingmann,/
Linda Scott,/
Ferlin Husky,Country
The Marcels,Doo-wop
,/
Troy Shondell,Rock and roll
"Clarence ""Frogman"" Henry",Rhythm and blues
Faron Young,Country
Arthur Lyman,jazz
Background information,Soul
The Capris,Doo wop
The Paris Sisters,Pop
Bob Moore,Country and western
,/
Ike & Tina Turner,R&B
,/
,/
Tony Orlando,Tony Orlando and Dawn
The New Christy Minstrels,Folk
Joe Hinton,/
The Trashmen,Surf rock
The Tams,R&B
Nancy Wilson,Hard rock
Alternative names,/
The Ventures,Instrumental rock
"Concerto for Flute, Harp, and Orchestra",/
Gene Simmons,Heavy metal
Rufus Thomas,R&B
Ned Miller,Country
Johnny Mathis,Easy listening
Jan Bradley,/
The Cookies,R&B
Doris Troy,R&B
Allan Sherman,/
Rolf Harris,/
"""Southtown U.S.A.""",/
,/
Bobby Bare Sr.,Country
,/
Joe Henderson,Jazz
Johnny Crawford,/
Barbara Lynn,Rhythm and blues
Dickey Lee,Country
Jimmy Clanton,Rhythm and blues
,/
James Darren,/
Walter Brennan,/
Billy Vaughn,/
Jimmy Dean,Country
,/
King Curtis,Soul
Bobby Rydell,Rock and roll
The Ikettes,Atco Records
The Kingston Trio,Folk
Eddie Hodges,/
,/
Rosie & the Originals,easy listening
Curtis Lee,Doo-wop
Lonnie Donegan,Skiffle
Fats Domino,Rock and roll
Matt Monro,Easy listening
Ray Peterson,Traditional pop
Dave Brubeck,Jazz
Don Gibson,Country
The Four Preps,Pop
Percy Faith,/
Jim Reeves,Country
Johnny Preston,Traditional pop
,/
The Brothers Four,Folk
,/
Dion and the Belmonts,/
Connie Stevens,/
Frankie Avalon,Pop
Johnny Horton,Country music
,/
Duane Eddy,Rock and roll
Conway Twitty,Country
Anita Bryant,Pop
Larry Verne,Novelty songs
The Fendermen,Rockabilly
Marv Johnson,/
Hank Locklin,Country
Holden Commodore (VN),/
Hank Ballard,Rock and roll
The Platters,Rhythm and blues
Billy Bland,R&B
Jeanne Black,Rock and roll
,/
Bill Black,Double bass
The Browns,country
Anita Kerr,Country
Donnie Brooks,Pop
,/
Spencer Ross,/
Lloyd Price,Rhythm and blues
The Crests,Doo Wop
Johnny Burnette,Rockabilly
Annette Funicello,/
,/
Bob Luman,Country
Guy Mitchell,Big band
Barrett Strong,Rhythm and blues
The Fleetwoods,Pop
Wilbert Harrison,Rhythm and blues
Santo & Johnny,Rock and roll
Ritchie Valens,Rock and roll
Dodie Stevens,Traditional pop music
The Coasters,Rhythm and blues
Martin Denny,Exotica
Carl Dobkins Jr.,/
Phil Phillips,Swamp pop
Cal State Northridge Matadors,/
,/
Domenico Modugno,Folk
Nelson Riddle,Traditional pop music
Gogi Grant,Jazz
Les Baxter,Lounge music
Doris Day,/
Kay Starr,Traditional pop
,/
,/
Perry Como,Pop
Carl Perkins,Rockabilly
Jim Lowe,rock and roll
The Four Lads,Traditional pop
Bill Doggett,Jazz
Tennessee Ernie Ford,Country
Johnnie Ray,Okeh
Patience & Prudence,Pop
Gene Vincent,Rock and roll
The Teenagers,Doo-wop
The Diamonds,/
Tab Hunter,/
Jimmy Dorsey,Big Band
Sonny James,Country music
Debbie Reynolds,/
Buddy Knox,Rock and roll
Harry Belafonte,Calypso
The Del-Vikings,Pop
,/
Jimmie Rodgers,Country
Jerry Lee Lewis,Rock and roll
Pérez Prado,Mambo
Bill Haley & His Comets,Rock and roll
Mitch Miller,Choral
Bill Hayes,/
The Four Aces,Pop
The McGuire Sisters,Traditional pop
Georgia Gibbs,/
The Fontane Sisters,/
The Chordettes,Barbershop music
Joan Weber,Traditional Pop
Al Hibbler,Traditional popular music
Kitty Kallen,Jazz
Rosemary Clooney,Traditional pop
,/
Jo Stafford,Capitol
Eddie Fisher,RCA Victor
Cinderella with Four Knights,/
,/
Founding location,/
Frank Weir,Jazz
,/
,/
Impala,/
"Thomas Jonathan ""Stonewall"" Jackson",/
,/
,/
Sandy Nelson,Rock and roll
Thomas Wayne,/
Della Reese,Gospel
Dinah Washington,Jazz
MLB debut,/
Jerry Wallace,Country
Alvin and the Chipmunks,Pop
Ross Bagdasarian Sr.,/
Sarah Vaughan,Vocal jazz
,/
Billy Grammer,Country
,/
,/
,/
The Ames Brothers,Traditional pop
Teresa Brewer,Traditional pop
Frankie Laine,Pop standards
,/
Frank Chacksfield,Easy listening
,/
Stan Freberg,Pop
Julius La Rosa,Traditional pop music
Ray Anthony,/
June Valli,/
Joni James,Traditional pop
Eartha Kitt,Vocal jazz
Dickie Goodman,/
George Cates,/
Cathy Carr,Traditional pop
Vic Damone,Traditional pop
Don Cherry,/
Andrew James Stanford-Clark,/
High Society,/
Little Richard,Rock and roll
,/
"""Dream Weaver""",/
Heywood Broun,/
George Hamilton IV,Country
Jerry Vale,Easy listening
Dick Hyman,Jazz
Gale Storm,/
,/
Otis Williams and the Charms,Doo-wop
The Crew-Cuts,Traditional Pop
The Crickets,Rock and roll
Charlie Gracie,Rhythm and blues
Tommy Sands,Country
,/
Terry Gilkyson,Folk
Russ Hamilton,/
Larry Williams,Rock and roll
Billy Dee Williams,/
,/
Bobby Helms,Country
Billy Ward and his Dominoes,Doo-wop
,/
,/
The Tune Weavers,R&B
Ivory Joe Hunter,R&B
Fess Parker,/
Arthur Joseph Mooney,/
Gisèle MacKenzie,/
Jaye P. Morgan,/
,/
LaVern Baker,Blues
The Skyliners,Doo-wop
Wink Martindale,/
The Flamingos,Rhythm and blues
Chris Barber,Skiffle
,/
,/
Edna Savage,Traditional Pop
Frankie Ford,Rock and roll
,/
Ivo Robić,/
,/
Mormon Tabernacle Choir,/
Ernie Fields,/
Paul Evans,Country
Jerry Lewis,/
Mantovani,Light music
,/
,/
Thurston Harris,Rock and roll
Victor Young,/
Bonnie Guitar,Country
,/
Sal Mineo,/
Chuck Willis,Rhythm and blues
Ernie Freeman,Pop
,/
Marvin Rainwater,Country
,/
Rusty Draper,Country
Jimmy Bowen,Country
The Sparkletones,Rock and roll
The Weavers,Folk
,/
Eddy Howard,/
Vaughn Monroe,Big band
Dinah Shore,/
,/
Carleton Carpenter,/
Del Wood,Country
Billy Eckstine,Jazz
"""Undecided""",/
Phil Harris,/
Gordon Jenkins,Popular music
,/
Guy Lombardo,Jazz
Red Foley,Country
Sammy Kaye,Big Band
Eileen Barton,Traditional Pop
The Andrews Sisters,Swing
,/
"""I Don't See Me in Your Eyes Anymore""",/
Bing Crosby,Traditional pop
Leroy Anderson,/
Vera Lynn,Traditional pop
Ella Mae Morse,Popular music
,/
Pee Wee King,Country
Les Paul,Jazz
